insert into Cliente values ('64456345H', 'Vilhelmina Emanuele', 'vemanuele0@blogspot.com', 'F', '09/20/1992');
insert into Cliente values ('35270759Y', 'Cris Dugue', 'cdugue1@myspace.com', 'F', '08/29/1988');
insert into Cliente values ('83372943J', 'Dorthea Broschke', 'dbroschke2@friendfeed.com', 'F', '03/14/1987');
insert into Cliente values ('48368048Z', 'Fanchette Cahani', 'fcahani3@go.com', 'F', '03/08/1988');
insert into Cliente values ('20296118K', 'Gav Beals', 'gbeals4@usnews.com', 'M', '06/28/1985');
insert into Cliente values ('24070011M', 'Casey Espley', 'cespley5@timesonline.co.uk', 'M', '08/10/1984');
insert into Cliente values ('19127627E', 'Harv Abramov', 'habramov6@sun.com', 'M', '06/12/1986');
insert into Cliente values ('11172815J', 'Robinet Jopling', 'rjopling7@ucla.edu', 'F', '06/06/1990');
insert into Cliente values ('21270631R', 'Trista Cordero', 'tcordero8@constantcontact.com', 'F', '11/21/1986');
insert into Cliente values ('32453081N', 'Betsy Reide', 'breide9@myspace.com', 'F', '02/17/1982');
insert into Cliente values ('58502831P', 'Olivero Killimister', 'okillimistera@mozilla.com', 'M', '07/01/1995');
insert into Cliente values ('76936785Z', 'Netty Kilfeather', 'nkilfeatherb@scientificamerican.com', 'F', '04/12/1986');
insert into Cliente values ('75558479Y', 'Trudie Kemball', 'tkemballc@bbb.org', 'F', '07/18/1984');
insert into Cliente values ('87613518D', 'Livvyy Iacomettii', 'liacomettiid@slashdot.org', 'F', '01/06/1984');
insert into Cliente values ('58348212H', 'Torrin Esplin', 'tespline@eepurl.com', 'M', '10/14/1987');

insert into Login values ('64456345H', '64456345H', 'cliente');
insert into Login values ('35270759Y', '35270759Y', 'cliente');
insert into Login values ('83372943J', '83372943J', 'cliente');
insert into Login values ('48368048Z', '48368048Z', 'cliente');
insert into Login values ('20296118K', '20296118K', 'cliente');
insert into Login values ('24070011M', '24070011M', 'cliente');
insert into Login values ('19127627E', '19127627E', 'cliente');
insert into Login values ('11172815J', '11172815J', 'cliente');
insert into Login values ('21270631R', '21270631R', 'cliente');
insert into Login values ('32453081N', '32453081N', 'cliente');
insert into Login values ('58502831P', '58502831P', 'cliente');
insert into Login values ('76936785Z', '76936785Z', 'cliente');
insert into Login values ('75558479Y', '75558479Y', 'cliente');
insert into Login values ('87613518D', '87613518D', 'cliente');
insert into Login values ('58348212H', '58348212H', 'cliente');


insert into Instructor values ('96708379A', 'pendiente', 'Nappie Maven', 'nmaven0@sfgate.com', '5406167961580061', 'https://robohash.org/hicvitaedolorem.jpg?size=50x50&set=set1');
insert into Instructor values ('38115925A', 'pendiente', 'Bentley Ivic', 'bivic1@oracle.com', '4026910422113573', 'https://robohash.org/laborenecessitatibusconsectetur.png?size=50x50&set=set1');
insert into Instructor values ('40436513Y', 'pendiente', 'Muffin Melloy', 'mmelloy2@pbs.org', '4913276217728926', 'https://robohash.org/sedetveniam.jpg?size=50x50&set=set1');
insert into Instructor values ('92222422N', 'pendiente', 'Flossi Yushin', 'fyushin3@cam.ac.uk', '30216621002753', 'https://robohash.org/doloreoccaecatinon.bmp?size=50x50&set=set1');
insert into Instructor values ('31683915N', 'pendiente', 'Melania Treby', 'mtreby4@vinaora.com', '3550303977163266', 'https://robohash.org/autquosnatus.bmp?size=50x50&set=set1');
insert into Instructor values ('44473962N', 'pendiente', 'Jolene Franzelini', 'jfranzelini5@cyberchimps.com', '3554288976323373', 'https://robohash.org/facerevoluptatemquia.jpg?size=50x50&set=set1');
insert into Instructor values ('87493710P', 'pendiente', 'Sancho Hartigan', 'shartigan6@economist.com', '5108752596144143', 'https://robohash.org/sedtotamid.png?size=50x50&set=set1');
insert into Instructor values ('46369472T', 'pendiente', 'Lexi Baigent', 'lbaigent7@ycombinator.com', '3543213752539871', 'https://robohash.org/officiisautveniam.bmp?size=50x50&set=set1');
insert into Instructor values ('7811702M', 'pendiente', 'Nial Chrismas', 'nchrismas8@home.pl', '3552875760724683', 'https://robohash.org/nisirepellatillum.bmp?size=50x50&set=set1');
insert into Instructor values ('8953265D', 'pendiente', 'Ole Sante', 'osante9@census.gov', '5610321945354380', 'https://robohash.org/quisquamvoluptatemtemporibus.jpg?size=50x50&set=set1');
insert into Instructor values ('55463628W', 'pendiente', 'Nichol Lambal', 'nlambala@xinhuanet.com', '30194494769214', 'https://robohash.org/cupiditatefugaquia.bmp?size=50x50&set=set1');
insert into Instructor values ('39023142P', 'pendiente', 'Jillane Raveau', 'jraveaub@tripadvisor.com', '560222558268454693', 'https://robohash.org/eosmaioresporro.bmp?size=50x50&set=set1');
insert into Instructor values ('89918667Y', 'pendiente', 'Pancho Tungay', 'ptungayc@networksolutions.com', '6762076127892125542', 'https://robohash.org/delenitiquosiure.jpg?size=50x50&set=set1');
insert into Instructor values ('68080048W', 'pendiente', 'Star Croome', 'scroomed@abc.net.au', '3538545093430428', 'https://robohash.org/illumsuntut.bmp?size=50x50&set=set1');
insert into Instructor values ('46140803C', 'pendiente', 'Helen-elizabeth Guy', 'hguye@sourceforge.net', '6759828540644733', 'https://robohash.org/officiisillumquis.bmp?size=50x50&set=set1');

insert into Login values ('96708379A', '96708379A', 'instructor');
insert into Login values ('38115925A', '38115925A', 'instructor');
insert into Login values ('40436513Y', '40436513Y', 'instructor');
insert into Login values ('92222422N', '92222422N', 'instructor');
insert into Login values ('31683915N', '31683915N', 'instructor');
insert into Login values ('44473962N', '44473962N', 'instructor');
insert into Login values ('87493710P', '87493710P', 'instructor');
insert into Login values ('46369472T', '46369472T', 'instructor');
insert into Login values ('7811702M', '7811702M', 'instructor');
insert into Login values ('8953265D', '8953265D', 'instructor');
insert into Login values ('55463628W', '55463628W', 'instructor');
insert into Login values ('39023142P', '39023142P', 'instructor');
insert into Login values ('89918667Y', '89918667Y', 'instructor');
insert into Login values ('68080048W', '68080048W', 'instructor');
insert into Login values ('46140803C', '46140803C', 'instructor');


insert into Login values ('admin', 'admin', 'administrador');
insert into Login values ('admin2', 'admin2', 'administrador');
insert into Login values ('admin3', 'admin3', 'administrador');


alter sequence tipoactividad_idtipoactividad_seq restart;

INSERT INTO "tipoactividad" VALUES
    (default,'actividades aeronáuticas','bajo'),
    (default,'actividades aeronáuticas','medio'),
    (default,'actividades aeronáuticas','alto'),
    (default,'actividades aeronáuticas','extremo'),
    (default,'actividades subacuáticas','bajo'),
    (default,'actividades subacuáticas','medio'),
    (default,'actividades subacuáticas','alto'),
    (default,'actividades subacuáticas','extremo'),
    (default,'ajedrez','bajo'),
    (default,'ajedrez','medio'),
    (default,'ajedrez','alto'),
    (default,'ajedrez','extremo'),
    (default,'atletismo','bajo'),
    (default,'atletismo','medio'),
    (default,'atletismo','alto'),
    (default,'atletismo','extremo'),
    (default,'automovilismo','bajo'),
    (default,'automovilismo','medio'),
    (default,'automovilismo','alto'),
    (default,'automovilismo','extremo'),
    (default,'bádminton','bajo'),
    (default,'bádminton','medio'),
    (default,'bádminton','alto'),
    (default,'bádminton','extremo'),
    (default,'baile','bajo'),
    (default,'baile','medio'),
    (default,'baile','alto'),
    (default,'baile','extremo'),
    (default,'baloncesto','bajo'),
    (default,'baloncesto','medio'),
    (default,'baloncesto','alto'),
    (default,'baloncesto','extremo'),
    (default,'balonmano','bajo'),
    (default,'balonmano','medio'),
    (default,'balonmano','alto'),
    (default,'balonmano','extremo'),
    (default,'béisbol y sóftbol','bajo'),
    (default,'béisbol y sóftbol','medio'),
    (default,'béisbol y sóftbol','alto'),
    (default,'béisbol y sóftbol','extremo'),
    (default,'billar','bajo'),
    (default,'billar','medio'),
    (default,'billar','alto'),
    (default,'billar','extremo'),
    (default,'bolos','bajo'),
    (default,'bolos','medio'),
    (default,'bolos','alto'),
    (default,'bolos','extremo'),
    (default,'boxeo','bajo'),
    (default,'boxeo','medio'),
    (default,'boxeo','alto'),
    (default,'boxeo','extremo'),
    (default,'caza','bajo'),
    (default,'caza','medio'),
    (default,'caza','alto'),
    (default,'caza','extremo'),
    (default,'ciclismo','bajo'),
    (default,'ciclismo','medio'),
    (default,'ciclismo','alto'),
    (default,'ciclismo','extremo'),
    (default,'colombicultura','bajo'),
    (default,'colombicultura','medio'),
    (default,'colombicultura','alto'),
    (default,'colombicultura','extremo'),
    (default,'colombófila','bajo'),
    (default,'colombófila','medio'),
    (default,'colombófila','alto'),
    (default,'colombófila','extremo'),
    (default,'deportes de hielo','bajo'),
    (default,'deportes de hielo','medio'),
    (default,'deportes de hielo','alto'),
    (default,'deportes de hielo','extremo'),
    (default,'deportes de invierno','bajo'),
    (default,'deportes de invierno','medio'),
    (default,'deportes de invierno','alto'),
    (default,'deportes de invierno','extremo'),
    (default,'deportes discapacidad física','bajo'),
    (default,'deportes discapacidad física','medio'),
    (default,'deportes discapacidad física','alto'),
    (default,'deportes discapacidad física','extremo'),
    (default,'deportes discapacidad intelectual','bajo'),
    (default,'deportes discapacidad intelectual','medio'),
    (default,'deportes discapacidad intelectual','alto'),
    (default,'deportes discapacidad intelectual','extremo'),
    (default,'deportes para ciegos','bajo'),
    (default,'deportes para ciegos','medio'),
    (default,'deportes para ciegos','alto'),
    (default,'deportes para ciegos','extremo'),
    (default,'deportes para sordos','bajo'),
    (default,'deportes para sordos','medio'),
    (default,'deportes para sordos','alto'),
    (default,'deportes para sordos','extremo'),
    (default,'deportes paralíticos cerebrales','bajo'),
    (default,'deportes paralíticos cerebrales','medio'),
    (default,'deportes paralíticos cerebrales','alto'),
    (default,'deportes paralíticos cerebrales','extremo'),
    (default,'esgrima','bajo'),
    (default,'esgrima','medio'),
    (default,'esgrima','alto'),
    (default,'esgrima','extremo'),
    (default,'espeleología','bajo'),
    (default,'espeleología','medio'),
    (default,'espeleología','alto'),
    (default,'espeleología','extremo'),
    (default,'esquí naútico','bajo'),
    (default,'esquí naútico','medio'),
    (default,'esquí naútico','alto'),
    (default,'esquí naútico','extremo'),
    (default,'fitness y actividades dirigidas','bajo'),
    (default,'fitness y actividades dirigidas','medio'),
    (default,'fitness y actividades dirigidas','alto'),
    (default,'fitness y actividades dirigidas','extremo'),
    (default,'fútbol','bajo'),
    (default,'fútbol','medio'),
    (default,'fútbol','alto'),
    (default,'fútbol','extremo'),
    (default,'galgos','bajo'),
    (default,'galgos','medio'),
    (default,'galgos','alto'),
    (default,'galgos','extremo'),
    (default,'gimnasia','bajo'),
    (default,'gimnasia','medio'),
    (default,'gimnasia','alto'),
    (default,'gimnasia','extremo'),
    (default,'golf','bajo'),
    (default,'golf','medio'),
    (default,'golf','alto'),
    (default,'golf','extremo'),
    (default,'halterofilia','bajo'),
    (default,'halterofilia','medio'),
    (default,'halterofilia','alto'),
    (default,'halterofilia','extremo'),
    (default,'hípica','bajo'),
    (default,'hípica','medio'),
    (default,'hípica','alto'),
    (default,'hípica','extremo'),
    (default,'hockey','bajo'),
    (default,'hockey','medio'),
    (default,'hockey','alto'),
    (default,'hockey','extremo'),
    (default,'judo','bajo'),
    (default,'judo','medio'),
    (default,'judo','alto'),
    (default,'judo','extremo'),
    (default,'karate','bajo'),
    (default,'karate','medio'),
    (default,'karate','alto'),
    (default,'karate','extremo'),
    (default,'kickboxing','bajo'),
    (default,'kickboxing','medio'),
    (default,'kickboxing','alto'),
    (default,'kickboxing','extremo'),
    (default,'luchas olímpicas','bajo'),
    (default,'luchas olímpicas','medio'),
    (default,'luchas olímpicas','alto'),
    (default,'luchas olímpicas','extremo'),
    (default,'montaña y escalada','bajo'),
    (default,'montaña y escalada','medio'),
    (default,'montaña y escalada','alto'),
    (default,'montaña y escalada','extremo'),
    (default,'motociclismo','bajo'),
    (default,'motociclismo','medio'),
    (default,'motociclismo','alto'),
    (default,'motociclismo','extremo'),
    (default,'motonáutica','bajo'),
    (default,'motonáutica','medio'),
    (default,'motonáutica','alto'),
    (default,'motonáutica','extremo'),
    (default,'multiaventura','bajo'),
    (default,'multiaventura','medio'),
    (default,'multiaventura','alto'),
    (default,'multiaventura','extremo'),
    (default,'musculación','bajo'),
    (default,'musculación','medio'),
    (default,'musculación','alto'),
    (default,'musculación','extremo'),
    (default,'natación','bajo'),
    (default,'natación','medio'),
    (default,'natación','alto'),
    (default,'natación','extremo'),
    (default,'orientación','bajo'),
    (default,'orientación','medio'),
    (default,'orientación','alto'),
    (default,'orientación','extremo'),
    (default,'otros','bajo'),
    (default,'otros','medio'),
    (default,'otros','alto'),
    (default,'otros','extremo'),
    (default,'padel','bajo'),
    (default,'padel','medio'),
    (default,'padel','alto'),
    (default,'padel','extremo'),
    (default,'patinaje','bajo'),
    (default,'patinaje','medio'),
    (default,'patinaje','alto'),
    (default,'patinaje','extremo'),
    (default,'pelota','bajo'),
    (default,'pelota','medio'),
    (default,'pelota','alto'),
    (default,'pelota','extremo'),
    (default,'pentatlon moderno','bajo'),
    (default,'pentatlon moderno','medio'),
    (default,'pentatlon moderno','alto'),
    (default,'pentatlon moderno','extremo'),
    (default,'pesca','bajo'),
    (default,'pesca','medio'),
    (default,'pesca','alto'),
    (default,'pesca','extremo'),
    (default,'petanca','bajo'),
    (default,'petanca','medio'),
    (default,'petanca','alto'),
    (default,'petanca','extremo'),
    (default,'piragüismo','bajo'),
    (default,'piragüismo','medio'),
    (default,'piragüismo','alto'),
    (default,'piragüismo','extremo'),
    (default,'polo','bajo'),
    (default,'polo','medio'),
    (default,'polo','alto'),
    (default,'polo','extremo'),
    (default,'proyectos escolares saludables','bajo'),
    (default,'proyectos escolares saludables','medio'),
    (default,'proyectos escolares saludables','alto'),
    (default,'proyectos escolares saludables','extremo'),
    (default,'remo','bajo'),
    (default,'remo','medio'),
    (default,'remo','alto'),
    (default,'remo','extremo'),
    (default,'rugby','bajo'),
    (default,'rugby','medio'),
    (default,'rugby','alto'),
    (default,'rugby','extremo'),
    (default,'salvamento y socorrismo','bajo'),
    (default,'salvamento y socorrismo','medio'),
    (default,'salvamento y socorrismo','alto'),
    (default,'salvamento y socorrismo','extremo'),
    (default,'semana europea del deporte','bajo'),
    (default,'semana europea del deporte','medio'),
    (default,'semana europea del deporte','alto'),
    (default,'semana europea del deporte','extremo'),
    (default,'squash','bajo'),
    (default,'squash','medio'),
    (default,'squash','alto'),
    (default,'squash','extremo'),
    (default,'surf','bajo'),
    (default,'surf','medio'),
    (default,'surf','alto'),
    (default,'surf','extremo'),
    (default,'taekwondo','bajo'),
    (default,'taekwondo','medio');
INSERT INTO "tipoactividad" VALUES
    (default,'taekwondo','alto'),
    (default,'taekwondo','extremo'),
    (default,'tenis','bajo'),
    (default,'tenis','medio'),
    (default,'tenis','alto'),
    (default,'tenis','extremo'),
    (default,'tenis de mesa','bajo'),
    (default,'tenis de mesa','medio'),
    (default,'tenis de mesa','alto'),
    (default,'tenis de mesa','extremo'),
    (default,'tiro al vuelo','bajo'),
    (default,'tiro al vuelo','medio'),
    (default,'tiro al vuelo','alto'),
    (default,'tiro al vuelo','extremo'),
    (default,'tiro con arco','bajo'),
    (default,'tiro con arco','medio'),
    (default,'tiro con arco','alto'),
    (default,'tiro con arco','extremo'),
    (default,'tiro olímpico','bajo'),
    (default,'tiro olímpico','medio'),
    (default,'tiro olímpico','alto'),
    (default,'tiro olímpico','extremo'),
    (default,'triatlón','bajo'),
    (default,'triatlón','medio'),
    (default,'triatlón','alto'),
    (default,'triatlón','extremo'),
    (default,'vela','bajo'),
    (default,'vela','medio'),
    (default,'vela','alto'),
    (default,'vela','extremo'),
    (default,'voleibol','bajo'),
    (default,'voleibol','medio'),
    (default,'voleibol','alto'),
    (default,'voleibol','extremo');


alter sequence actividad_idactividad_seq restart;


INSERT INTO "actividad" VALUES
    (default,'abierta','aeromodelismo','Construcción y vuelo de aeroplanos de pequeño, mediano y gran tamaño','3:43','06/20/2018',19.62,10,34,'Rimpeso','77126 Logan Court','3:54','',1,'92222422N'),
    (default,'abierta','aerostación','Vuelo en globo','2:41','07/29/2019',4.97,18,94,'Dakoro','81162 Clarendon Drive','12:37','',1,'55463628W'),
    (default,'abierta','ala delta','Planear y realizar vuelos sin motor en ala delta','2:52','03/06/2020',11.46,17,96,'Itaí','21555 Shelley Plaza','9:57','',4,'31683915N'),
    (default,'abierta','paracaidismo','Lanzamiento en avión y salto en paracaidas','3:32','02/21/2020',1.03,4,79,'Örnsköldsvik','1862 Trailsway Trail','18:17','',4,'40436513Y'),
    (default,'abierta','paramotor','Vuelo en aeronave conformada por un pequeño motor de hélice y un parapente','0:26','05/26/2018',0.43,22,63,'Balite','4723 Charing Cross Place','18:41','',3,'8953265D'),
    (default,'abierta','parapente','Salto desde montaña y vuelo en parapente','0:01','11/24/2018',13.1,7,77,'Duayaw Nkwanta','0 Hanson Court','3:30','',1,'39023142P'),
    (default,'abierta','ultraligeros','Vuelo en ultraligeros','0:21','06/28/2020',2.23,18,66,'Zaprudnya','18787 Helena Way','4:28','',4,'39023142P'),
    (default,'abierta','vuelo','Sin descripción','2:05','09/14/2018',16.06,12,47,'Karangsari','74 Red Cloud Terrace','6:39','',1,'44473962N'),
    (default,'abierta','vuelo a vela','Vuelo con un planeador','2:55','01/25/2020',1.85,12,70,'Lianrao','0 Red Cloud Center','12:33','',1,'46140803C'),
    (default,'abierta','vuelo acrobático','Vuelo en aeroplano donde el profesor realiza acrobacias','0:38','06/06/2018',12.87,12,34,'Paluan','74 Helena Court','12:53','',1,'55463628W'),
    (default,'abierta','vuelo con motor','Sin descripción','3:20','06/05/2019',17.21,6,35,'El Puente','2 Clarendon Street','17:19','',2,'89918667Y'),
    (default,'abierta','aeromodelismo','Construcción y vuelo de aeroplanos de pequeño, mediano y gran tamaño','2:38','11/09/2020',2.04,13,87,'Uchkeken','9 Oriole Street','2:10','',1,'31683915N'),
    (default,'abierta','aerostación','Vuelo en globo','3:23','09/30/2019',11.24,29,50,'Saint Louis','023 Fisk Road','7:45','',1,'55463628W'),
    (default,'abierta','ala delta','Planear y realizar vuelos sin motor en ala delta','2:58','08/09/2019',3.59,25,69,'Huangling','531 Waxwing Terrace','11:57','',1,'68080048W'),
    (default,'abierta','paracaidismo','Lanzamiento en avión y salto en paracaidas','1:28','01/31/2020',2.41,18,61,'Igang','3 Anniversary Place','8:27','',3,'8953265D'),
    (default,'abierta','paramotor','Vuelo en aeronave conformada por un pequeño motor de hélice y un parapente','3:14','10/19/2018',20,3,34,'Jimaguayú','47208 Bultman Court','7:45','',3,'39023142P'),
    (default,'abierta','parapente','Salto desde montaña y vuelo en parapente','3:21','05/13/2020',12.89,3,96,'San Miguel','20428 Ryan Crossing','9:01','',2,'68080048W'),
    (default,'abierta','ultraligeros','Vuelo en ultraligeros','1:12','08/14/2018',6.39,4,84,'Bianxiong','27728 Golf View Alley','16:47','',4,'8953265D'),
    (default,'abierta','vuelo','Sin descripción','0:11','06/21/2018',6.85,17,72,'Bernay','1 Springs Street','11:40','',2,'46140803C'),
    (default,'abierta','vuelo a vela','Vuelo con un planeador','1:56','05/28/2019',13.89,11,70,'Makati City','72 Autumn Leaf Terrace','2:28','',1,'7811702M'),
    (default,'abierta','vuelo acrobático','Vuelo en aeroplano donde el profesor realiza acrobacias','1:55','10/22/2019',1.4,24,58,'Pongol','75904 Colorado Court','6:03','',3,'89918667Y'),
    (default,'abierta','vuelo con motor','Sin descripción','0:55','10/18/2020',13.95,26,69,'Tamot','2 Old Shore Terrace','0:25','',2,'7811702M'),
    (default,'abierta','actividades subacuáticas','Se realizan distintas actividades subacuáticas','2:18','10/01/2018',12.53,3,46,'Timaru','51338 Debs Court','16:12','',7,'8953265D'),
    (default,'abierta','buceo','Buceo en zonas poco profundas','2:57','12/11/2018',15.53,8,77,'Shuanglong','53 Nova Junction','17:11','',8,'7811702M'),
    (default,'abierta','actividades subacuáticas','Se realizan distintas actividades subacuáticas','0:32','12/02/2019',3.07,3,85,'North Bay','228 Sage Terrace','18:05','',5,'39023142P'),
    (default,'abierta','buceo','Buceo en zonas poco profundas','2:58','07/18/2019',10.31,20,47,'Le Lamentin','779 Sommers Center','4:27','',5,'96708379A'),
    (default,'abierta','ajedrez','Clases de ajedrez','0:04','10/03/2019',12.28,15,68,'Longwan','092 Vidon Circle','11:50','',11,'8953265D'),
    (default,'abierta','ajedrez','Clases de ajedrez','1:49','06/24/2019',19.7,22,66,'Fīrūzābād','57956 Mariners Cove Street','18:01','',12,'68080048W'),
    (default,'abierta','atletismo','Fundamentos del atletismo','3:11','05/25/2019',14.04,20,37,'Atarodangwautu','71568 Fulton Avenue','17:56','',16,'92222422N'),
    (default,'abierta','atletismo en pista','Salto al potro y lanzamiento de jabalina','0:25','02/05/2019',11.82,18,34,'Xianren','25150 Mayfield Road','9:47','',14,'46140803C'),
    (default,'abierta','campo a través','A correr','1:10','09/22/2018',5.5,5,37,'Gorgoram','32949 Havey Drive','5:16','',15,'40436513Y'),
    (default,'abierta','carrera a pie','A correr pero sin correr mucho','3:32','03/29/2019',11.96,2,34,'Jammāl','850 Bayside Center','5:53','',15,'38115925A'),
    (default,'abierta','montaña','Senderismo','3:31','08/19/2018',2.02,17,60,'Ath','78763 Elka Alley','8:18','',15,'38115925A'),
    (default,'abierta','pista cubierta','Balón prisionero','2:22','03/17/2020',1.95,25,71,'Inkerman','543 Eastwood Center','2:22','',13,'40436513Y'),
    (default,'abierta','ruta','Senderismo','1:04','04/11/2020',5.94,30,50,'Povedniki','75823 Chinook Pass','2:27','',14,'96708379A'),
    (default,'abierta','atletismo','Fundamentos del atletismo','3:57','04/19/2019',11.9,19,84,'Rondonópolis','6804 3rd Terrace','9:16','',14,'8953265D'),
    (default,'abierta','atletismo en pista','Salto al potro y lanzamiento de jabalina','3:31','03/16/2020',19.19,18,82,'Bibis','686 Chinook Road','10:27','',14,'87493710P'),
    (default,'abierta','campo a través','A correr','0:03','06/28/2019',1.31,22,40,'Baugo','329 Spaight Terrace','18:28','',16,'46369472T'),
    (default,'abierta','carrera a pie','A correr pero sin correr mucho','0:58','01/31/2019',5.16,23,95,'Wujia','7 5th Alley','3:36','',15,'38115925A'),
    (default,'abierta','montaña','Senderismo','1:06','04/18/2019',16.94,20,55,'Luka nad Jihlavou','2 Portage Place','1:43','',13,'8953265D'),
    (default,'abierta','pista cubierta','Balón prisionero','0:39','03/21/2020',19.14,20,50,'Garahan','6523 Gina Terrace','4:09','',13,'55463628W'),
    (default,'abierta','ruta','Senderismo','1:15','05/31/2018',14.2,5,82,'Novoderevyankovskaya','478 Nancy Trail','19:00','',16,'68080048W'),
    (default,'abierta','automodelismo','Creción de coches a escala','00:04:00','02/16/2019',11.66,19,62,'Naji','58 Forster Trail','03:23:00','',19,'38115925A'),
    (default,'abierta','automovilismo','Carreras de coches','00:47:00','2019-09-02 00:00:00',4.04,7,46,'Arnage','175 Bobwhite Junction','12:10:00','',18,'92222422N'),
    (default,'abierta','karting','Carreras de karts','02:58:00','06/17/2018',11.72,11,36,'Bulu','1 Blackbird Street','03:27:00','',17,'8953265D'),
    (default,'abierta','montaña (asfalto)','Conducción por montaña','03:58:00','2020-02-04 00:00:00',9.21,25,71,'Mandaon','7367 Lunder Way','19:12:00','',17,'7811702M'),
    (default,'abierta','rallyes','Carreras de rallyes','02:14:00','2019-09-06 00:00:00',8.4,6,70,'Ipu','996 Ramsey Junction','19:30:00','',20,'87493710P'),
    (default,'abierta','velocidad en circuito','Carreras de coches en pista cerrada','00:21:00','07/19/2020',2.85,23,74,'Ouangani','87 Barnett Avenue','07:31:00','',20,'39023142P'),
    (default,'abierta','automodelismo','Creción de coches a escala','01:03:00','2020-02-07 00:00:00',14.69,18,95,'Wubao','489 Gale Road','09:45:00','',17,'44473962N'),
    (default,'abierta','automovilismo','Carreras de coches','00:05:00','2020-01-11 00:00:00',4.52,24,80,'Krutinka','956 Susan Center','20:44:00','',17,'8953265D'),
    (default,'abierta','karting','Carreras de karts','01:27:00','2019-03-01 00:00:00',18.54,24,36,'San Isidro','96745 Jenna Circle','19:12:00','',20,'7811702M'),
    (default,'abierta','montaña (asfalto)','Conducción por montaña','02:58:00','2019-07-02 00:00:00',6.26,23,79,'Panunggangan','2 Orin Street','18:06:00','',18,'92222422N'),
    (default,'abierta','rallyes','Carreras de rallyes','02:18:00','2019-09-02 00:00:00',11.21,5,75,'Sofifi','1 Jackson Avenue','04:36:00','',17,'68080048W'),
    (default,'abierta','velocidad en circuito','Carreras de coches en pista cerrada','01:02:00','01/31/2019',4.02,12,45,'Oslomej','2107 Boyd Parkway','17:04:00','',18,'87493710P'),
    (default,'abierta','bádminton','Fundamentos del bádminton','3:12','05/21/2020',6.85,22,44,'Shiyang','49107 Mcbride Park','18:36','',21,'31683915N'),
    (default,'abierta','parabádminton','Fundamentos del parabádminton','1:15','09/21/2020',15.15,23,40,'Nancy','9 Crowley Hill','3:45','',24,'46369472T'),
    (default,'abierta','bádminton','Fundamentos del bádminton','0:04','11/02/2020',16.5,4,34,'Jixian','690 Rusk Place','3:06','',23,'55463628W'),
    (default,'abierta','parabádminton','Fundamentos del parabádminton','2:53','11/11/2019',13.08,30,48,'Cotaparaco','25 Chive Plaza','11:50','',23,'38115925A'),
    (default,'abierta','baile deportivo','Bailar corriendo','0:07','08/22/2018',6.51,16,49,'Dijon','8427 Artisan Place','5:14','',25,'31683915N'),
    (default,'abierta','baile en silla de ruedas','Pues eso','0:28','07/28/2020',8.97,21,48,'Shatian','832 Pankratz Lane','11:20','',26,'31683915N'),
    (default,'abierta','bailes latinos','Enseñanzas de bailes latinos','2:27','07/22/2019',4.91,16,95,'Arcos','5456 Bartelt Trail','18:10','',25,'7811702M'),
    (default,'abierta','hip-hop','Baile de la calle','2:51','05/12/2019',16.2,11,71,'Cipadung Timur','0121 Parkside Hill','6:04','',27,'44473962N'),
    (default,'abierta','baile deportivo','Bailar corriendo','1:16','07/15/2019',5.71,5,56,'Sørvágur','566 Tomscot Way','15:00','',26,'39023142P'),
    (default,'abierta','baile en silla de ruedas','Pues eso','1:08','10/18/2018',4.2,18,75,'Pingtang','52839 Montana Terrace','18:21','',26,'40436513Y'),
    (default,'abierta','bailes latinos','Enseñanzas de bailes latinos','1:56','09/13/2020',17.78,12,34,'Xinxu','102 Sullivan Circle','11:50','',26,'46369472T'),
    (default,'abierta','hip-hop','Baile de la calle','0:59','05/07/2020',7.89,20,100,'Shanhou','0 Quincy Crossing','14:53','',28,'40436513Y'),
    (default,'abierta','baloncesto','Fundamentos del baloncesto','1:17','04/13/2019',5.32,2,79,'Strängnäs','19610 Buhler Plaza','7:41','',29,'68080048W'),
    (default,'abierta','baloncesto','Fundamentos del baloncesto','0:48','05/04/2019',17.26,22,84,'Kebonagung','47 Twin Pines Road','4:31','',30,'46140803C'),
    (default,'abierta','balonmano','Fundamentos del balonmano','0:52','10/15/2019',10.19,23,69,'La Montañita','57 Golf Course Terrace','13:06','',36,'87493710P'),
    (default,'abierta','balonmano playa','Fundamentos del balonmano playa','3:54','01/27/2019',13.21,4,89,'Shiyaogou','700 Golf Road','11:45','',35,'7811702M'),
    (default,'abierta','balonmano','Fundamentos del balonmano','2:43','02/27/2019',0.98,1,33,'Calheta de Nesquim','3272 Kenwood Court','18:12','',35,'39023142P'),
    (default,'abierta','balonmano playa','Fundamentos del balonmano playa','1:59','10/05/2018',13.08,28,42,'Fujioka','05 Transport Junction','6:05','',34,'92222422N'),
    (default,'abierta','béisbol','Fundamentos del béisbol','0:34','03/30/2020',19.19,4,58,'Jiefu','77 Northridge Street','2:53','',38,'38115925A'),
    (default,'abierta','sóftbol','Fundamentos del sóftbol','3:33','09/08/2020',15.15,20,61,'Baiyang','95858 Oakridge Junction','13:03','',39,'55463628W'),
    (default,'abierta','béisbol','Fundamentos del béisbol','1:29','11/21/2019',10.05,28,59,'Otuzco','8226 Derek Place','8:38','',38,'39023142P'),
    (default,'abierta','sóftbol','Fundamentos del sóftbol','0:04','05/12/2019',1.02,27,84,'Bella Vista','1 Havey Pass','14:19','',37,'46140803C'),
    (default,'abierta','billar','Fundamentos del billar','0:13','08/30/2018',16.82,15,73,'Hyesan-dong','0 Lotheville Parkway','11:51','',42,'7811702M'),
    (default,'abierta','snooker','Fundamentos del snooker','3:47','05/10/2019',6.69,27,92,'Palumbungan','4 Loomis Place','17:34','',44,'89918667Y'),
    (default,'abierta','billar','Fundamentos del billar','1:07','08/27/2020',3.94,14,100,'Salamanca','60 Graedel Point','18:28','',43,'40436513Y'),
    (default,'abierta','snooker','Fundamentos del snooker','3:29','10/21/2019',11.3,20,44,'Xiejia','8290 Hagan Trail','0:37','',42,'46369472T');


alter sequence imagenpromocional_idimagen_seq restart;

insert into imagenpromocional values (default, 'http://dummyimage.com/197x228.bmp/ff4444/ffffff', 1);
insert into imagenpromocional values (default, 'http://dummyimage.com/197x225.jpg/cc0000/ffffff', 2);
insert into imagenpromocional values (default, 'http://dummyimage.com/150x103.png/5fa2dd/ffffff', 3);
insert into imagenpromocional values (default, 'http://dummyimage.com/216x194.jpg/5fa2dd/ffffff', 4);
insert into imagenpromocional values (default, 'http://dummyimage.com/181x108.bmp/5fa2dd/ffffff', 5);
insert into imagenpromocional values (default, 'http://dummyimage.com/216x213.jpg/ff4444/ffffff', 6);
insert into imagenpromocional values (default, 'http://dummyimage.com/102x132.png/ff4444/ffffff', 7);
insert into imagenpromocional values (default, 'http://dummyimage.com/129x236.jpg/dddddd/000000', 8);
insert into imagenpromocional values (default, 'http://dummyimage.com/213x170.jpg/cc0000/ffffff', 9);
insert into imagenpromocional values (default, 'http://dummyimage.com/192x117.jpg/dddddd/000000', 10);
insert into imagenpromocional values (default, 'http://dummyimage.com/157x152.bmp/ff4444/ffffff', 11);
insert into imagenpromocional values (default, 'http://dummyimage.com/125x230.bmp/dddddd/000000', 12);
insert into imagenpromocional values (default, 'http://dummyimage.com/248x172.png/ff4444/ffffff', 13);
insert into imagenpromocional values (default, 'http://dummyimage.com/208x139.jpg/5fa2dd/ffffff', 14);
insert into imagenpromocional values (default, 'http://dummyimage.com/141x100.jpg/5fa2dd/ffffff', 15);
insert into imagenpromocional values (default, 'http://dummyimage.com/246x191.png/5fa2dd/ffffff', 16);
insert into imagenpromocional values (default, 'http://dummyimage.com/234x135.png/5fa2dd/ffffff', 17);
insert into imagenpromocional values (default, 'http://dummyimage.com/153x120.bmp/ff4444/ffffff', 18);
insert into imagenpromocional values (default, 'http://dummyimage.com/242x208.jpg/5fa2dd/ffffff', 19);
insert into imagenpromocional values (default, 'http://dummyimage.com/170x212.bmp/ff4444/ffffff', 20);
insert into imagenpromocional values (default, 'http://dummyimage.com/205x207.bmp/5fa2dd/ffffff', 21);
insert into imagenpromocional values (default, 'http://dummyimage.com/221x164.jpg/5fa2dd/ffffff', 22);
insert into imagenpromocional values (default, 'http://dummyimage.com/177x122.jpg/5fa2dd/ffffff', 23);
insert into imagenpromocional values (default, 'http://dummyimage.com/115x186.jpg/5fa2dd/ffffff', 24);
insert into imagenpromocional values (default, 'http://dummyimage.com/201x186.png/cc0000/ffffff', 25);
insert into imagenpromocional values (default, 'http://dummyimage.com/188x240.bmp/ff4444/ffffff', 26);
insert into imagenpromocional values (default, 'http://dummyimage.com/167x210.jpg/ff4444/ffffff', 27);
insert into imagenpromocional values (default, 'http://dummyimage.com/141x186.jpg/cc0000/ffffff', 28);
insert into imagenpromocional values (default, 'http://dummyimage.com/176x218.png/cc0000/ffffff', 29);
insert into imagenpromocional values (default, 'http://dummyimage.com/116x127.jpg/dddddd/000000', 30);
insert into imagenpromocional values (default, 'http://dummyimage.com/127x149.bmp/5fa2dd/ffffff', 31);
insert into imagenpromocional values (default, 'http://dummyimage.com/209x123.jpg/cc0000/ffffff', 32);
insert into imagenpromocional values (default, 'http://dummyimage.com/225x222.png/dddddd/000000', 33);
insert into imagenpromocional values (default, 'http://dummyimage.com/151x238.bmp/cc0000/ffffff', 34);
insert into imagenpromocional values (default, 'http://dummyimage.com/111x238.jpg/ff4444/ffffff', 35);
insert into imagenpromocional values (default, 'http://dummyimage.com/201x156.jpg/ff4444/ffffff', 36);
insert into imagenpromocional values (default, 'http://dummyimage.com/194x218.bmp/cc0000/ffffff', 37);
insert into imagenpromocional values (default, 'http://dummyimage.com/200x242.bmp/ff4444/ffffff', 38);
insert into imagenpromocional values (default, 'http://dummyimage.com/169x195.bmp/ff4444/ffffff', 39);
insert into imagenpromocional values (default, 'http://dummyimage.com/108x188.jpg/5fa2dd/ffffff', 40);
insert into imagenpromocional values (default, 'http://dummyimage.com/135x218.bmp/ff4444/ffffff', 41);
insert into imagenpromocional values (default, 'http://dummyimage.com/155x236.bmp/dddddd/000000', 42);
insert into imagenpromocional values (default, 'http://dummyimage.com/168x183.jpg/5fa2dd/ffffff', 43);
insert into imagenpromocional values (default, 'http://dummyimage.com/124x173.png/ff4444/ffffff', 44);
insert into imagenpromocional values (default, 'http://dummyimage.com/134x199.jpg/ff4444/ffffff', 45);
insert into imagenpromocional values (default, 'http://dummyimage.com/174x181.png/cc0000/ffffff', 46);
insert into imagenpromocional values (default, 'http://dummyimage.com/205x236.png/5fa2dd/ffffff', 47);
insert into imagenpromocional values (default, 'http://dummyimage.com/149x220.jpg/5fa2dd/ffffff', 48);
insert into imagenpromocional values (default, 'http://dummyimage.com/211x147.bmp/dddddd/000000', 49);
insert into imagenpromocional values (default, 'http://dummyimage.com/111x176.jpg/ff4444/ffffff', 50);
insert into imagenpromocional values (default, 'http://dummyimage.com/175x235.jpg/5fa2dd/ffffff', 51);
insert into imagenpromocional values (default, 'http://dummyimage.com/167x204.jpg/cc0000/ffffff', 52);
insert into imagenpromocional values (default, 'http://dummyimage.com/164x132.png/dddddd/000000', 53);
insert into imagenpromocional values (default, 'http://dummyimage.com/150x192.png/dddddd/000000', 54);
insert into imagenpromocional values (default, 'http://dummyimage.com/101x204.bmp/cc0000/ffffff', 55);
insert into imagenpromocional values (default, 'http://dummyimage.com/148x119.bmp/ff4444/ffffff', 56);
insert into imagenpromocional values (default, 'http://dummyimage.com/186x179.bmp/ff4444/ffffff', 57);
insert into imagenpromocional values (default, 'http://dummyimage.com/199x180.png/dddddd/000000', 58);
insert into imagenpromocional values (default, 'http://dummyimage.com/168x106.bmp/cc0000/ffffff', 59);
insert into imagenpromocional values (default, 'http://dummyimage.com/181x241.png/dddddd/000000', 60);
insert into imagenpromocional values (default, 'http://dummyimage.com/243x161.bmp/cc0000/ffffff', 61);
insert into imagenpromocional values (default, 'http://dummyimage.com/171x159.jpg/ff4444/ffffff', 62);
insert into imagenpromocional values (default, 'http://dummyimage.com/226x197.bmp/5fa2dd/ffffff', 63);
insert into imagenpromocional values (default, 'http://dummyimage.com/168x234.png/cc0000/ffffff', 64);
insert into imagenpromocional values (default, 'http://dummyimage.com/139x250.bmp/ff4444/ffffff', 65);
insert into imagenpromocional values (default, 'http://dummyimage.com/106x136.png/dddddd/000000', 66);
insert into imagenpromocional values (default, 'http://dummyimage.com/168x217.bmp/ff4444/ffffff', 67);
insert into imagenpromocional values (default, 'http://dummyimage.com/164x101.png/cc0000/ffffff', 68);
insert into imagenpromocional values (default, 'http://dummyimage.com/188x222.bmp/5fa2dd/ffffff', 69);
insert into imagenpromocional values (default, 'http://dummyimage.com/250x228.jpg/dddddd/000000', 70);
insert into imagenpromocional values (default, 'http://dummyimage.com/134x115.png/dddddd/000000', 71);
insert into imagenpromocional values (default, 'http://dummyimage.com/212x157.png/ff4444/ffffff', 72);
insert into imagenpromocional values (default, 'http://dummyimage.com/191x178.png/ff4444/ffffff', 73);
insert into imagenpromocional values (default, 'http://dummyimage.com/181x207.bmp/5fa2dd/ffffff', 74);
insert into imagenpromocional values (default, 'http://dummyimage.com/205x107.jpg/cc0000/ffffff', 75);
insert into imagenpromocional values (default, 'http://dummyimage.com/206x228.png/dddddd/000000', 76);
insert into imagenpromocional values (default, 'http://dummyimage.com/149x190.jpg/cc0000/ffffff', 77);
insert into imagenpromocional values (default, 'http://dummyimage.com/100x174.jpg/cc0000/ffffff', 78);
insert into imagenpromocional values (default, 'http://dummyimage.com/227x190.bmp/5fa2dd/ffffff', 79);
insert into imagenpromocional values (default, 'http://dummyimage.com/157x173.jpg/ff4444/ffffff', 80);
insert into imagenpromocional values (default, 'http://dummyimage.com/143x105.jpg/dddddd/000000', 1);
insert into imagenpromocional values (default, 'http://dummyimage.com/154x191.png/ff4444/ffffff', 2);
insert into imagenpromocional values (default, 'http://dummyimage.com/144x249.png/ff4444/ffffff', 3);
insert into imagenpromocional values (default, 'http://dummyimage.com/158x219.png/cc0000/ffffff', 4);
insert into imagenpromocional values (default, 'http://dummyimage.com/223x230.png/ff4444/ffffff', 5);
insert into imagenpromocional values (default, 'http://dummyimage.com/155x187.jpg/cc0000/ffffff', 6);
insert into imagenpromocional values (default, 'http://dummyimage.com/205x219.bmp/dddddd/000000', 7);
insert into imagenpromocional values (default, 'http://dummyimage.com/225x139.bmp/cc0000/ffffff', 8);
insert into imagenpromocional values (default, 'http://dummyimage.com/165x245.png/5fa2dd/ffffff', 9);
insert into imagenpromocional values (default, 'http://dummyimage.com/199x155.jpg/ff4444/ffffff', 10);
insert into imagenpromocional values (default, 'http://dummyimage.com/203x174.bmp/cc0000/ffffff', 11);
insert into imagenpromocional values (default, 'http://dummyimage.com/113x226.png/5fa2dd/ffffff', 12);
insert into imagenpromocional values (default, 'http://dummyimage.com/228x218.jpg/ff4444/ffffff', 13);
insert into imagenpromocional values (default, 'http://dummyimage.com/217x173.bmp/dddddd/000000', 14);
insert into imagenpromocional values (default, 'http://dummyimage.com/212x113.png/dddddd/000000', 15);
insert into imagenpromocional values (default, 'http://dummyimage.com/157x150.bmp/5fa2dd/ffffff', 16);
insert into imagenpromocional values (default, 'http://dummyimage.com/221x119.jpg/ff4444/ffffff', 17);
insert into imagenpromocional values (default, 'http://dummyimage.com/236x186.bmp/ff4444/ffffff', 18);
insert into imagenpromocional values (default, 'http://dummyimage.com/188x221.png/ff4444/ffffff', 19);
insert into imagenpromocional values (default, 'http://dummyimage.com/211x205.jpg/dddddd/000000', 20);
insert into imagenpromocional values (default, 'http://dummyimage.com/230x121.jpg/ff4444/ffffff', 21);
insert into imagenpromocional values (default, 'http://dummyimage.com/145x244.jpg/ff4444/ffffff', 22);
insert into imagenpromocional values (default, 'http://dummyimage.com/188x161.png/cc0000/ffffff', 23);
insert into imagenpromocional values (default, 'http://dummyimage.com/101x196.bmp/ff4444/ffffff', 24);
insert into imagenpromocional values (default, 'http://dummyimage.com/183x163.bmp/dddddd/000000', 25);
insert into imagenpromocional values (default, 'http://dummyimage.com/145x194.jpg/cc0000/ffffff', 26);
insert into imagenpromocional values (default, 'http://dummyimage.com/137x224.jpg/ff4444/ffffff', 27);
insert into imagenpromocional values (default, 'http://dummyimage.com/186x238.bmp/cc0000/ffffff', 28);
insert into imagenpromocional values (default, 'http://dummyimage.com/118x111.jpg/ff4444/ffffff', 29);
insert into imagenpromocional values (default, 'http://dummyimage.com/165x219.jpg/cc0000/ffffff', 30);
insert into imagenpromocional values (default, 'http://dummyimage.com/221x241.png/cc0000/ffffff', 31);
insert into imagenpromocional values (default, 'http://dummyimage.com/190x152.jpg/dddddd/000000', 32);
insert into imagenpromocional values (default, 'http://dummyimage.com/116x225.jpg/dddddd/000000', 33);
insert into imagenpromocional values (default, 'http://dummyimage.com/177x193.jpg/dddddd/000000', 34);
insert into imagenpromocional values (default, 'http://dummyimage.com/131x125.png/dddddd/000000', 35);
insert into imagenpromocional values (default, 'http://dummyimage.com/223x147.png/5fa2dd/ffffff', 36);
insert into imagenpromocional values (default, 'http://dummyimage.com/210x193.jpg/cc0000/ffffff', 37);
insert into imagenpromocional values (default, 'http://dummyimage.com/125x184.jpg/5fa2dd/ffffff', 38);
insert into imagenpromocional values (default, 'http://dummyimage.com/226x193.png/5fa2dd/ffffff', 39);
insert into imagenpromocional values (default, 'http://dummyimage.com/199x131.bmp/ff4444/ffffff', 40);
insert into imagenpromocional values (default, 'http://dummyimage.com/168x224.bmp/dddddd/000000', 41);
insert into imagenpromocional values (default, 'http://dummyimage.com/186x198.jpg/dddddd/000000', 42);
insert into imagenpromocional values (default, 'http://dummyimage.com/110x136.png/ff4444/ffffff', 43);
insert into imagenpromocional values (default, 'http://dummyimage.com/164x162.png/cc0000/ffffff', 44);
insert into imagenpromocional values (default, 'http://dummyimage.com/126x208.jpg/cc0000/ffffff', 45);
insert into imagenpromocional values (default, 'http://dummyimage.com/114x228.bmp/cc0000/ffffff', 46);
insert into imagenpromocional values (default, 'http://dummyimage.com/209x141.jpg/ff4444/ffffff', 47);
insert into imagenpromocional values (default, 'http://dummyimage.com/239x133.jpg/5fa2dd/ffffff', 48);
insert into imagenpromocional values (default, 'http://dummyimage.com/114x102.bmp/ff4444/ffffff', 49);
insert into imagenpromocional values (default, 'http://dummyimage.com/117x145.bmp/cc0000/ffffff', 50);
insert into imagenpromocional values (default, 'http://dummyimage.com/209x131.bmp/5fa2dd/ffffff', 51);
insert into imagenpromocional values (default, 'http://dummyimage.com/236x205.bmp/ff4444/ffffff', 52);
insert into imagenpromocional values (default, 'http://dummyimage.com/203x129.jpg/cc0000/ffffff', 53);
insert into imagenpromocional values (default, 'http://dummyimage.com/115x239.png/dddddd/000000', 54);
insert into imagenpromocional values (default, 'http://dummyimage.com/178x193.png/5fa2dd/ffffff', 55);
insert into imagenpromocional values (default, 'http://dummyimage.com/193x201.jpg/dddddd/000000', 56);
insert into imagenpromocional values (default, 'http://dummyimage.com/211x162.png/cc0000/ffffff', 57);
insert into imagenpromocional values (default, 'http://dummyimage.com/105x155.jpg/5fa2dd/ffffff', 58);
insert into imagenpromocional values (default, 'http://dummyimage.com/245x108.png/5fa2dd/ffffff', 59);
insert into imagenpromocional values (default, 'http://dummyimage.com/225x155.png/5fa2dd/ffffff', 60);
insert into imagenpromocional values (default, 'http://dummyimage.com/249x193.bmp/dddddd/000000', 61);
insert into imagenpromocional values (default, 'http://dummyimage.com/167x152.jpg/5fa2dd/ffffff', 62);
insert into imagenpromocional values (default, 'http://dummyimage.com/153x218.bmp/5fa2dd/ffffff', 63);
insert into imagenpromocional values (default, 'http://dummyimage.com/112x118.png/ff4444/ffffff', 64);
insert into imagenpromocional values (default, 'http://dummyimage.com/247x161.png/5fa2dd/ffffff', 65);
insert into imagenpromocional values (default, 'http://dummyimage.com/233x237.bmp/dddddd/000000', 66);
insert into imagenpromocional values (default, 'http://dummyimage.com/199x227.jpg/cc0000/ffffff', 67);
insert into imagenpromocional values (default, 'http://dummyimage.com/205x124.bmp/5fa2dd/ffffff', 68);
insert into imagenpromocional values (default, 'http://dummyimage.com/103x177.bmp/cc0000/ffffff', 69);
insert into imagenpromocional values (default, 'http://dummyimage.com/113x195.png/ff4444/ffffff', 70);
insert into imagenpromocional values (default, 'http://dummyimage.com/244x138.png/dddddd/000000', 71);
insert into imagenpromocional values (default, 'http://dummyimage.com/150x102.jpg/5fa2dd/ffffff', 72);
insert into imagenpromocional values (default, 'http://dummyimage.com/145x235.png/ff4444/ffffff', 73);
insert into imagenpromocional values (default, 'http://dummyimage.com/202x159.png/ff4444/ffffff', 74);
insert into imagenpromocional values (default, 'http://dummyimage.com/131x138.png/dddddd/000000', 75);
insert into imagenpromocional values (default, 'http://dummyimage.com/165x146.jpg/ff4444/ffffff', 76);
insert into imagenpromocional values (default, 'http://dummyimage.com/216x198.jpg/cc0000/ffffff', 77);
insert into imagenpromocional values (default, 'http://dummyimage.com/208x224.png/cc0000/ffffff', 78);
insert into imagenpromocional values (default, 'http://dummyimage.com/173x225.png/dddddd/000000', 79);
insert into imagenpromocional values (default, 'http://dummyimage.com/104x194.bmp/5fa2dd/ffffff', 80);



insert into prefiere values (218, '11172815J');
insert into prefiere values (225, '58502831P');
insert into prefiere values (68, '83372943J');
insert into prefiere values (78, '75558479Y');
insert into prefiere values (230, '64456345H');
insert into prefiere values (196, '20296118K');
insert into prefiere values (224, '32453081N');
insert into prefiere values (267, '76936785Z');
insert into prefiere values (188, '87613518D');
insert into prefiere values (215, '11172815J');
insert into prefiere values (282, '75558479Y');
insert into prefiere values (105, '76936785Z');
insert into prefiere values (3, '75558479Y');
insert into prefiere values (236, '58502831P');
insert into prefiere values (56, '64456345H');
insert into prefiere values (217, '19127627E');
insert into prefiere values (83, '24070011M');
insert into prefiere values (190, '83372943J');
insert into prefiere values (31, '75558479Y');
insert into prefiere values (190, '11172815J');
insert into prefiere values (7, '58348212H');
insert into prefiere values (207, '21270631R');
insert into prefiere values (84, '48368048Z');
insert into prefiere values (143, '83372943J');
insert into prefiere values (38, '58348212H');
insert into prefiere values (175, '11172815J');
insert into prefiere values (199, '87613518D');
insert into prefiere values (133, '35270759Y');
insert into prefiere values (174, '58348212H');
insert into prefiere values (48, '58348212H');
insert into prefiere values (134, '11172815J');
insert into prefiere values (160, '87613518D');
insert into prefiere values (154, '21270631R');
insert into prefiere values (70, '24070011M');
insert into prefiere values (129, '58348212H');
insert into prefiere values (92, '75558479Y');
insert into prefiere values (51, '64456345H');
insert into prefiere values (279, '64456345H');
insert into prefiere values (159, '24070011M');
insert into prefiere values (16, '64456345H');
insert into prefiere values (22, '58502831P');
insert into prefiere values (143, '75558479Y');
insert into prefiere values (200, '58502831P');
insert into prefiere values (84, '87613518D');
insert into prefiere values (137, '58348212H');
insert into prefiere values (86, '58502831P');
insert into prefiere values (250, '24070011M');
insert into prefiere values (54, '83372943J');
insert into prefiere values (62, '64456345H');
insert into prefiere values (148, '87613518D');
insert into prefiere values (80, '48368048Z');
insert into prefiere values (96, '58348212H');
insert into prefiere values (14, '87613518D');
insert into prefiere values (186, '48368048Z');
insert into prefiere values (65, '75558479Y');
insert into prefiere values (248, '20296118K');
insert into prefiere values (153, '11172815J');
insert into prefiere values (230, '75558479Y');
insert into prefiere values (240, '48368048Z');
insert into prefiere values (282, '35270759Y');
insert into prefiere values (34, '48368048Z');
insert into prefiere values (132, '58502831P');
insert into prefiere values (93, '32453081N');
insert into prefiere values (264, '20296118K');
insert into prefiere values (193, '24070011M');
insert into prefiere values (84, '76936785Z');
insert into prefiere values (64, '58348212H');
insert into prefiere values (283, '20296118K');
insert into prefiere values (111, '75558479Y');
insert into prefiere values (199, '21270631R');
insert into prefiere values (233, '11172815J');
insert into prefiere values (242, '24070011M');
insert into prefiere values (251, '75558479Y');
insert into prefiere values (192, '48368048Z');
insert into prefiere values (184, '58502831P');
insert into prefiere values (124, '35270759Y');
insert into prefiere values (79, '20296118K');
insert into prefiere values (78, '24070011M');
insert into prefiere values (145, '32453081N');
insert into prefiere values (149, '83372943J');


alter sequence acreditacion_idacreditacion_seq restart;

insert into acreditacion values (default, 'automovilismo', 'aceptada', '96708379A');
insert into acreditacion values (default, 'béisbol y sóftbol', 'aceptada', '38115925A');
insert into acreditacion values (default, 'ajedrez', 'aceptada', '40436513Y');
insert into acreditacion values (default, 'automovilismo', 'aceptada', '92222422N');
insert into acreditacion values (default, 'atletismo', 'aceptada', '31683915N');
insert into acreditacion values (default, 'baloncesto', 'aceptada', '44473962N');
insert into acreditacion values (default, 'actividades subacuáticas', 'aceptada', '87493710P');
insert into acreditacion values (default, 'bádminton', 'aceptada', '46369472T');
insert into acreditacion values (default, 'bádminton', 'aceptada', '7811702M');
insert into acreditacion values (default, 'actividades aeronáuticas', 'aceptada', '8953265D');
insert into acreditacion values (default, 'atletismo', 'aceptada', '55463628W');
insert into acreditacion values (default, 'baloncesto', 'aceptada', '39023142P');
insert into acreditacion values (default, 'balonmano', 'aceptada', '89918667Y');
insert into acreditacion values (default, 'balonmano', 'aceptada', '68080048W');
insert into acreditacion values (default, 'actividades subacuáticas', 'aceptada', '46140803C');
insert into acreditacion values (default, 'béisbol y sóftbol', 'aceptada', '96708379A');
insert into acreditacion values (default, 'atletismo', 'aceptada', '38115925A');
insert into acreditacion values (default, 'balonmano', 'aceptada', '40436513Y');
insert into acreditacion values (default, 'baloncesto', 'aceptada', '92222422N');
insert into acreditacion values (default, 'bádminton', 'aceptada', '31683915N');
insert into acreditacion values (default, 'actividades aeronáuticas', 'aceptada', '44473962N');
insert into acreditacion values (default, 'bádminton', 'aceptada', '87493710P');
insert into acreditacion values (default, 'actividades subacuáticas', 'aceptada', '46369472T');
insert into acreditacion values (default, 'balonmano', 'aceptada', '7811702M');
insert into acreditacion values (default, 'bádminton', 'aceptada', '8953265D');
insert into acreditacion values (default, 'baloncesto', 'aceptada', '55463628W');
insert into acreditacion values (default, 'billar', 'aceptada', '39023142P');
insert into acreditacion values (default, 'atletismo', 'aceptada', '89918667Y');
insert into acreditacion values (default, 'billar', 'aceptada', '68080048W');
insert into acreditacion values (default, 'baile', 'aceptada', '46140803C');
insert into acreditacion values (default, 'actividades aeronáuticas', 'aceptada', '96708379A');
insert into acreditacion values (default, 'balonmano', 'aceptada', '38115925A');
insert into acreditacion values (default, 'actividades subacuáticas', 'aceptada', '40436513Y');
insert into acreditacion values (default, 'atletismo', 'aceptada', '92222422N');
insert into acreditacion values (default, 'actividades subacuáticas', 'aceptada', '31683915N');
insert into acreditacion values (default, 'atletismo', 'aceptada', '44473962N');
insert into acreditacion values (default, 'ajedrez', 'aceptada', '87493710P');
insert into acreditacion values (default, 'baloncesto', 'aceptada', '46369472T');
insert into acreditacion values (default, 'ajedrez', 'aceptada', '7811702M');
insert into acreditacion values (default, 'ajedrez', 'aceptada', '8953265D');
insert into acreditacion values (default, 'automovilismo', 'aceptada', '55463628W');
insert into acreditacion values (default, 'béisbol y sóftbol', 'aceptada', '39023142P');
insert into acreditacion values (default, 'actividades subacuáticas', 'aceptada', '89918667Y');
insert into acreditacion values (default, 'béisbol y sóftbol', 'aceptada', '68080048W');
insert into acreditacion values (default, 'billar', 'aceptada', '46140803C');
insert into acreditacion values (default, 'baile', 'aceptada', '96708379A');
insert into acreditacion values (default, 'billar', 'aceptada', '38115925A');
insert into acreditacion values (default, 'billar', 'aceptada', '40436513Y');
insert into acreditacion values (default, 'actividades subacuáticas', 'aceptada', '92222422N');
insert into acreditacion values (default, 'baloncesto', 'aceptada', '31683915N');
insert into acreditacion values (default, 'automovilismo', 'aceptada', '44473962N');
insert into acreditacion values (default, 'billar', 'aceptada', '87493710P');
insert into acreditacion values (default, 'atletismo', 'aceptada', '46369472T');
insert into acreditacion values (default, 'actividades aeronáuticas', 'aceptada', '7811702M');
insert into acreditacion values (default, 'baile', 'aceptada', '8953265D');
insert into acreditacion values (default, 'billar', 'aceptada', '55463628W');
insert into acreditacion values (default, 'bádminton', 'aceptada', '39023142P');
insert into acreditacion values (default, 'atletismo', 'aceptada', '89918667Y');
insert into acreditacion values (default, 'automovilismo', 'aceptada', '68080048W');
insert into acreditacion values (default, 'actividades aeronáuticas', 'aceptada', '46140803C');


insert into acredita values (19, 1);
insert into acredita values (20, 1);
insert into acredita values (39, 2);
insert into acredita values (40, 2);
insert into acredita values (11, 3);
insert into acredita values (12, 3);
insert into acredita values (19, 4);
insert into acredita values (20, 4);
insert into acredita values (15, 5);
insert into acredita values (16, 5);
insert into acredita values (31, 6);
insert into acredita values (32, 6);
insert into acredita values (7, 7);
insert into acredita values (8, 7);
insert into acredita values (23, 8);
insert into acredita values (24, 8);
insert into acredita values (23, 9);
insert into acredita values (24, 9);
insert into acredita values (3, 10);
insert into acredita values (4, 10);
insert into acredita values (15, 11);
insert into acredita values (16, 11);
insert into acredita values (31, 12);
insert into acredita values (32, 12);
insert into acredita values (35, 13);
insert into acredita values (36, 13);
insert into acredita values (35, 14);
insert into acredita values (36, 14);
insert into acredita values (7, 15);
insert into acredita values (8, 15);
insert into acredita values (39, 16);
insert into acredita values (40, 16);
insert into acredita values (15, 17);
insert into acredita values (16, 17);
insert into acredita values (35, 18);
insert into acredita values (36, 18);
insert into acredita values (31, 19);
insert into acredita values (32, 19);
insert into acredita values (23, 20);
insert into acredita values (24, 20);
insert into acredita values (3, 21);
insert into acredita values (4, 21);
insert into acredita values (23, 22);
insert into acredita values (24, 22);
insert into acredita values (7, 23);
insert into acredita values (8, 23);
insert into acredita values (35, 24);
insert into acredita values (36, 24);
insert into acredita values (23, 25);
insert into acredita values (24, 25);
insert into acredita values (31, 26);
insert into acredita values (32, 26);
insert into acredita values (43, 27);
insert into acredita values (44, 27);
insert into acredita values (15, 28);
insert into acredita values (16, 28);
insert into acredita values (43, 29);
insert into acredita values (44, 29);
insert into acredita values (27, 30);
insert into acredita values (28, 30);
insert into acredita values (3, 31);
insert into acredita values (4, 31);
insert into acredita values (35, 32);
insert into acredita values (36, 32);
insert into acredita values (7, 33);
insert into acredita values (8, 33);
insert into acredita values (15, 34);
insert into acredita values (16, 34);
insert into acredita values (7, 35);
insert into acredita values (8, 35);
insert into acredita values (15, 36);
insert into acredita values (16, 36);
insert into acredita values (11, 37);
insert into acredita values (12, 37);
insert into acredita values (31, 38);
insert into acredita values (32, 38);
insert into acredita values (11, 39);
insert into acredita values (12, 39);
insert into acredita values (11, 40);
insert into acredita values (12, 40);
insert into acredita values (19, 41);
insert into acredita values (20, 41);
insert into acredita values (39, 42);
insert into acredita values (40, 42);
insert into acredita values (7, 43);
insert into acredita values (8, 43);
insert into acredita values (39, 44);
insert into acredita values (40, 44);
insert into acredita values (43, 45);
insert into acredita values (44, 45);
insert into acredita values (27, 46);
insert into acredita values (28, 46);
insert into acredita values (43, 47);
insert into acredita values (44, 47);
insert into acredita values (43, 48);
insert into acredita values (44, 48);
insert into acredita values (7, 49);
insert into acredita values (8, 49);
insert into acredita values (31, 50);
insert into acredita values (32, 50);
insert into acredita values (19, 51);
insert into acredita values (20, 51);
insert into acredita values (43, 52);
insert into acredita values (44, 52);
insert into acredita values (15, 53);
insert into acredita values (16, 53);
insert into acredita values (3, 54);
insert into acredita values (4, 54);
insert into acredita values (27, 55);
insert into acredita values (28, 55);
insert into acredita values (43, 56);
insert into acredita values (44, 56);
insert into acredita values (23, 57);
insert into acredita values (24, 57);
insert into acredita values (15, 58);
insert into acredita values (16, 58);
insert into acredita values (19, 59);
insert into acredita values (20, 59);
insert into acredita values (3, 60);
insert into acredita values (4, 60);


alter sequence reserva_idreserva_seq restart;

insert into reserva values (default, 'pendiente', 1, '05/26/2018', 13, 19.62, 1, '64456345H');
insert into reserva values (default, 'pagado', 2, '05/26/2018', 5, 4.97, 2, '19127627E');
insert into reserva values (default, 'pendiente', 3, '05/26/2018', 5, 11.46, 3, '21270631R');
insert into reserva values (default, 'pagado', 4, '05/26/2018', 9, 1.03, 4, '58502831P');
insert into reserva values (default, 'pendiente', 5, '05/26/2018', 6, 0.43, 5, '24070011M');
insert into reserva values (default, 'pagado', 6, '05/26/2018', 7, 13.1, 6, '58348212H');
insert into reserva values (default, 'pendiente', 7, '05/26/2018', 6, 2.23, 7, '58348212H');
insert into reserva values (default, 'pagado', 8, '05/26/2018', 7, 16.06, 8, '64456345H');
insert into reserva values (default, 'pendiente', 9, '05/26/2018', 1, 1.85, 9, '76936785Z');
insert into reserva values (default, 'pagado', 10, '05/26/2018', 2, 12.87, 10, '32453081N');
insert into reserva values (default, 'pendiente', 11, '05/26/2018', 1, 17.21, 11, '19127627E');
insert into reserva values (default, 'pagado', 12, '05/26/2018', 5, 2.04, 12, '21270631R');
insert into reserva values (default, 'pendiente', 13, '05/26/2018', 10, 11.24, 13, '58348212H');
insert into reserva values (default, 'pagado', 14, '05/26/2018', 11, 3.59, 14, '75558479Y');
insert into reserva values (default, 'pendiente', 15, '05/26/2018', 14, 2.41, 15, '19127627E');
insert into reserva values (default, 'pagado', 16, '05/26/2018', 10, 20, 16, '32453081N');
insert into reserva values (default, 'pendiente', 17, '05/26/2018', 14, 12.89, 17, '24070011M');
insert into reserva values (default, 'pagado', 18, '05/26/2018', 5, 6.39, 18, '76936785Z');
insert into reserva values (default, 'pendiente', 19, '05/26/2018', 1, 6.85, 19, '87613518D');
insert into reserva values (default, 'pagado', 20, '05/26/2018', 12, 13.89, 20, '24070011M');
insert into reserva values (default, 'pendiente', 21, '05/26/2018', 1, 1.4, 21, '35270759Y');
insert into reserva values (default, 'pagado', 22, '05/26/2018', 2, 13.95, 22, '21270631R');
insert into reserva values (default, 'pendiente', 23, '05/26/2018', 6, 12.53, 23, '35270759Y');
insert into reserva values (default, 'pagado', 24, '05/26/2018', 5, 15.53, 24, '76936785Z');
insert into reserva values (default, 'pendiente', 25, '05/26/2018', 9, 3.07, 25, '83372943J');
insert into reserva values (default, 'pagado', 26, '05/26/2018', 6, 10.31, 26, '24070011M');
insert into reserva values (default, 'pendiente', 27, '05/26/2018', 8, 12.28, 27, '48368048Z');
insert into reserva values (default, 'pagado', 28, '05/26/2018', 15, 19.7, 28, '19127627E');
insert into reserva values (default, 'pendiente', 29, '05/26/2018', 1, 14.04, 29, '75558479Y');
insert into reserva values (default, 'pagado', 30, '05/26/2018', 6, 11.82, 30, '24070011M');
insert into reserva values (default, 'pendiente', 31, '05/26/2018', 8, 5.5, 31, '11172815J');
insert into reserva values (default, 'pagado', 32, '05/26/2018', 15, 11.96, 32, '76936785Z');
insert into reserva values (default, 'pendiente', 33, '05/26/2018', 4, 2.02, 33, '32453081N');
insert into reserva values (default, 'pagado', 34, '05/26/2018', 12, 1.95, 34, '35270759Y');
insert into reserva values (default, 'pendiente', 35, '05/26/2018', 2, 5.94, 35, '83372943J');
insert into reserva values (default, 'pagado', 36, '05/26/2018', 11, 11.9, 36, '64456345H');
insert into reserva values (default, 'pendiente', 37, '05/26/2018', 12, 19.19, 37, '11172815J');
insert into reserva values (default, 'pagado', 38, '05/26/2018', 13, 1.31, 38, '21270631R');
insert into reserva values (default, 'pendiente', 39, '05/26/2018', 10, 5.16, 39, '20296118K');
insert into reserva values (default, 'pagado', 40, '05/26/2018', 8, 16.94, 40, '64456345H');
insert into reserva values (default, 'pendiente', 41, '05/26/2018', 2, 19.14, 41, '32453081N');
insert into reserva values (default, 'pagado', 42, '05/26/2018', 8, 14.2, 42, '83372943J');
insert into reserva values (default, 'pendiente', 43, '05/26/2018', 13, 11.66, 43, '64456345H');
insert into reserva values (default, 'pagado', 44, '05/26/2018', 2, 4.04, 44, '58502831P');
insert into reserva values (default, 'pendiente', 45, '05/26/2018', 5, 11.72, 45, '19127627E');
insert into reserva values (default, 'pagado', 46, '05/26/2018', 9, 9.21, 46, '20296118K');
insert into reserva values (default, 'pendiente', 47, '05/26/2018', 12, 8.4, 47, '11172815J');
insert into reserva values (default, 'pagado', 48, '05/26/2018', 13, 2.85, 48, '58348212H');
insert into reserva values (default, 'pendiente', 49, '05/26/2018', 6, 14.69, 49, '32453081N');
insert into reserva values (default, 'pagado', 50, '05/26/2018', 9, 4.52, 50, '35270759Y');
insert into reserva values (default, 'pendiente', 51, '05/26/2018', 15, 18.54, 51, '32453081N');
insert into reserva values (default, 'pagado', 52, '05/26/2018', 11, 6.26, 52, '11172815J');
insert into reserva values (default, 'pendiente', 53, '05/26/2018', 9, 11.21, 53, '58348212H');
insert into reserva values (default, 'pagado', 54, '05/26/2018', 13, 4.02, 54, '75558479Y');
insert into reserva values (default, 'pendiente', 55, '05/26/2018', 9, 6.85, 55, '83372943J');
insert into reserva values (default, 'pagado', 56, '05/26/2018', 7, 15.15, 56, '32453081N');
insert into reserva values (default, 'pendiente', 57, '05/26/2018', 10, 16.5, 57, '21270631R');
insert into reserva values (default, 'pagado', 58, '05/26/2018', 15, 13.08, 58, '48368048Z');
insert into reserva values (default, 'pendiente', 59, '05/26/2018', 9, 6.51, 59, '32453081N');
insert into reserva values (default, 'pagado', 60, '05/26/2018', 14, 8.97, 60, '87613518D');
insert into reserva values (default, 'pendiente', 61, '05/26/2018', 12, 4.91, 61, '64456345H');
insert into reserva values (default, 'pagado', 62, '05/26/2018', 14, 16.2, 62, '76936785Z');
insert into reserva values (default, 'pendiente', 63, '05/26/2018', 5, 5.71, 63, '21270631R');
insert into reserva values (default, 'pagado', 64, '05/26/2018', 6, 4.2, 64, '24070011M');
insert into reserva values (default, 'pendiente', 65, '05/26/2018', 10, 17.78, 65, '64456345H');
insert into reserva values (default, 'pagado', 66, '05/26/2018', 6, 7.89, 66, '87613518D');
insert into reserva values (default, 'pendiente', 67, '05/26/2018', 1, 5.32, 67, '11172815J');
insert into reserva values (default, 'pagado', 68, '05/26/2018', 14, 17.26, 68, '75558479Y');
insert into reserva values (default, 'pendiente', 69, '05/26/2018', 7, 10.19, 69, '20296118K');
insert into reserva values (default, 'pagado', 70, '05/26/2018', 4, 13.21, 70, '32453081N');
insert into reserva values (default, 'pendiente', 71, '05/26/2018', 13, 0.98, 71, '48368048Z');
insert into reserva values (default, 'pagado', 72, '05/26/2018', 9, 13.08, 72, '32453081N');
insert into reserva values (default, 'pendiente', 73, '05/26/2018', 10, 19.19, 73, '20296118K');
insert into reserva values (default, 'pagado', 74, '05/26/2018', 12, 15.15, 74, '35270759Y');
insert into reserva values (default, 'pendiente', 75, '05/26/2018', 5, 10.05, 75, '64456345H');
insert into reserva values (default, 'pagado', 76, '05/26/2018', 1, 1.02, 76, '64456345H');
insert into reserva values (default, 'pendiente', 77, '05/26/2018', 5, 16.82, 77, '58502831P');
insert into reserva values (default, 'pagado', 78, '05/26/2018', 15, 6.69, 78, '83372943J');
insert into reserva values (default, 'pendiente', 79, '05/26/2018', 5, 3.94, 79, '35270759Y');
insert into reserva values (default, 'pagado', 80, '05/26/2018', 9, 11.3, 80, '20296118K');
insert into reserva values (default, 'pendiente', 81, '05/26/2018', 15, 19.62, 1, '11172815J');
insert into reserva values (default, 'pagado', 82, '05/26/2018', 13, 4.97, 2, '35270759Y');
insert into reserva values (default, 'pendiente', 83, '05/26/2018', 10, 11.46, 3, '75558479Y');
insert into reserva values (default, 'pagado', 84, '05/26/2018', 6, 1.03, 4, '83372943J');
insert into reserva values (default, 'pendiente', 85, '05/26/2018', 15, 0.43, 5, '11172815J');
insert into reserva values (default, 'pagado', 86, '05/26/2018', 7, 13.1, 6, '11172815J');
insert into reserva values (default, 'pendiente', 87, '05/26/2018', 12, 2.23, 7, '19127627E');
insert into reserva values (default, 'pagado', 88, '05/26/2018', 8, 16.06, 8, '11172815J');
insert into reserva values (default, 'pendiente', 89, '05/26/2018', 7, 1.85, 9, '83372943J');
insert into reserva values (default, 'pagado', 90, '05/26/2018', 14, 12.87, 10, '32453081N');
insert into reserva values (default, 'pendiente', 91, '05/26/2018', 7, 17.21, 11, '11172815J');
insert into reserva values (default, 'pagado', 92, '05/26/2018', 12, 2.04, 12, '76936785Z');
insert into reserva values (default, 'pendiente', 93, '05/26/2018', 6, 11.24, 13, '58348212H');
insert into reserva values (default, 'pagado', 94, '05/26/2018', 13, 3.59, 14, '58502831P');
insert into reserva values (default, 'pendiente', 95, '05/26/2018', 13, 2.41, 15, '64456345H');
insert into reserva values (default, 'pagado', 96, '05/26/2018', 1, 20, 16, '32453081N');
insert into reserva values (default, 'pendiente', 97, '05/26/2018', 1, 12.89, 17, '20296118K');
insert into reserva values (default, 'pagado', 98, '05/26/2018', 11, 6.39, 18, '58348212H');
insert into reserva values (default, 'pendiente', 99, '05/26/2018', 11, 6.85, 19, '58348212H');
insert into reserva values (default, 'pagado', 100, '05/26/2018', 2, 13.89, 20, '75558479Y');
insert into reserva values (default, 'pendiente', 101, '05/26/2018', 1, 1.4, 21, '58348212H');
insert into reserva values (default, 'pagado', 102, '05/26/2018', 14, 13.95, 22, '76936785Z');
insert into reserva values (default, 'pendiente', 103, '05/26/2018', 12, 12.53, 23, '24070011M');
insert into reserva values (default, 'pagado', 104, '05/26/2018', 6, 15.53, 24, '21270631R');
insert into reserva values (default, 'pendiente', 105, '05/26/2018', 11, 3.07, 25, '19127627E');
insert into reserva values (default, 'pagado', 106, '05/26/2018', 9, 10.31, 26, '19127627E');
insert into reserva values (default, 'pendiente', 107, '05/26/2018', 15, 12.28, 27, '87613518D');
insert into reserva values (default, 'pagado', 108, '05/26/2018', 9, 19.7, 28, '64456345H');
insert into reserva values (default, 'pendiente', 109, '05/26/2018', 14, 14.04, 29, '48368048Z');
insert into reserva values (default, 'pagado', 110, '05/26/2018', 11, 11.82, 30, '48368048Z');
insert into reserva values (default, 'pendiente', 111, '05/26/2018', 6, 5.5, 31, '24070011M');
insert into reserva values (default, 'pagado', 112, '05/26/2018', 8, 11.96, 32, '87613518D');
insert into reserva values (default, 'pendiente', 113, '05/26/2018', 2, 2.02, 33, '48368048Z');
insert into reserva values (default, 'pagado', 114, '05/26/2018', 8, 1.95, 34, '58348212H');
insert into reserva values (default, 'pendiente', 115, '05/26/2018', 2, 5.94, 35, '75558479Y');
insert into reserva values (default, 'pagado', 116, '05/26/2018', 15, 11.9, 36, '76936785Z');
insert into reserva values (default, 'pendiente', 117, '05/26/2018', 8, 19.19, 37, '83372943J');
insert into reserva values (default, 'pagado', 118, '05/26/2018', 12, 1.31, 38, '75558479Y');
insert into reserva values (default, 'pendiente', 119, '05/26/2018', 1, 5.16, 39, '20296118K');
insert into reserva values (default, 'pagado', 120, '05/26/2018', 1, 16.94, 40, '35270759Y');
insert into reserva values (default, 'pendiente', 121, '05/26/2018', 11, 19.14, 41, '21270631R');
insert into reserva values (default, 'pagado', 122, '05/26/2018', 6, 14.2, 42, '64456345H');
insert into reserva values (default, 'pendiente', 123, '05/26/2018', 15, 11.66, 43, '64456345H');
insert into reserva values (default, 'pagado', 124, '05/26/2018', 6, 4.04, 44, '19127627E');
insert into reserva values (default, 'pendiente', 125, '05/26/2018', 13, 11.72, 45, '58502831P');
insert into reserva values (default, 'pagado', 126, '05/26/2018', 1, 9.21, 46, '83372943J');
insert into reserva values (default, 'pendiente', 127, '05/26/2018', 11, 8.4, 47, '58348212H');
insert into reserva values (default, 'pagado', 128, '05/26/2018', 8, 2.85, 48, '19127627E');
insert into reserva values (default, 'pendiente', 129, '05/26/2018', 2, 14.69, 49, '58348212H');
insert into reserva values (default, 'pagado', 130, '05/26/2018', 9, 4.52, 50, '58502831P');
insert into reserva values (default, 'pendiente', 131, '05/26/2018', 4, 18.54, 51, '11172815J');
insert into reserva values (default, 'pagado', 132, '05/26/2018', 1, 6.26, 52, '35270759Y');
insert into reserva values (default, 'pendiente', 133, '05/26/2018', 8, 11.21, 53, '19127627E');
insert into reserva values (default, 'pagado', 134, '05/26/2018', 9, 4.02, 54, '83372943J');
insert into reserva values (default, 'pendiente', 135, '05/26/2018', 7, 6.85, 55, '48368048Z');
insert into reserva values (default, 'pagado', 136, '05/26/2018', 7, 15.15, 56, '48368048Z');
insert into reserva values (default, 'pendiente', 137, '05/26/2018', 5, 16.5, 57, '35270759Y');
insert into reserva values (default, 'pagado', 138, '05/26/2018', 11, 13.08, 58, '87613518D');
insert into reserva values (default, 'pendiente', 139, '05/26/2018', 2, 6.51, 59, '20296118K');
insert into reserva values (default, 'pagado', 140, '05/26/2018', 9, 8.97, 60, '76936785Z');
insert into reserva values (default, 'pendiente', 141, '05/26/2018', 11, 4.91, 61, '19127627E');
insert into reserva values (default, 'pagado', 142, '05/26/2018', 10, 16.2, 62, '87613518D');
insert into reserva values (default, 'pendiente', 143, '05/26/2018', 3, 5.71, 63, '76936785Z');
insert into reserva values (default, 'pagado', 144, '05/26/2018', 7, 4.2, 64, '48368048Z');
insert into reserva values (default, 'pendiente', 145, '05/26/2018', 2, 17.78, 65, '19127627E');
insert into reserva values (default, 'pagado', 146, '05/26/2018', 4, 7.89, 66, '11172815J');
insert into reserva values (default, 'pendiente', 147, '05/26/2018', 10, 5.32, 67, '20296118K');
insert into reserva values (default, 'pagado', 148, '05/26/2018', 11, 17.26, 68, '83372943J');
insert into reserva values (default, 'pendiente', 149, '05/26/2018', 15, 10.19, 69, '64456345H');
insert into reserva values (default, 'pagado', 150, '05/26/2018', 8, 13.21, 70, '24070011M');
insert into reserva values (default, 'pendiente', 151, '05/26/2018', 15, 0.98, 71, '58502831P');
insert into reserva values (default, 'pagado', 152, '05/26/2018', 6, 13.08, 72, '83372943J');
insert into reserva values (default, 'pendiente', 153, '05/26/2018', 7, 19.19, 73, '58348212H');
insert into reserva values (default, 'pagado', 154, '05/26/2018', 7, 15.15, 74, '64456345H');
insert into reserva values (default, 'pendiente', 155, '05/26/2018', 9, 10.05, 75, '35270759Y');
insert into reserva values (default, 'pagado', 156, '05/26/2018', 2, 1.02, 76, '21270631R');
insert into reserva values (default, 'pendiente', 157, '05/26/2018', 11, 16.82, 77, '21270631R');
insert into reserva values (default, 'pagado', 158, '05/26/2018', 12, 6.69, 78, '75558479Y');
insert into reserva values (default, 'pendiente', 159, '05/26/2018', 13, 3.94, 79, '20296118K');
insert into reserva values (default, 'pagado', 160, '05/26/2018', 8, 11.3, 80, '19127627E');
